{"cameraMode":{"drawMode":1,"name":"Wireframe","section":"Shading Mode"},"sceneLighting":false,"audioPlay":false,"sceneViewState":{"showFog":true,"showMaterialUpdate":false,"showSkybox":false,"showFlares":true,"showImageEffects":true,"showParticleSystems":true},"in2DMode":false,"pivot":{"x":-3.393623113632202,"y":0.16740886867046357,"z":2.4159023761749269},"rotation":{"x":-0.0007229231996461749,"y":0.9969419836997986,"z":-0.009281259030103684,"w":-0.0776178389787674},"size":22.0,"orthographic":false}