{"cameraMode":{"drawMode":0,"name":"Shaded","section":"Shading Mode"},"sceneLighting":true,"audioPlay":false,"sceneViewState":{"showFog":true,"showMaterialUpdate":false,"showSkybox":true,"showFlares":true,"showImageEffects":true,"showParticleSystems":true},"in2DMode":false,"pivot":{"x":-4.414370536804199,"y":1.2285881042480469,"z":1.118746042251587},"rotation":{"x":-0.13445419073104859,"y":0.7111308574676514,"z":-0.14201001822948457,"w":-0.6754722595214844},"size":26.683013916015626,"orthographic":false}