{"cameraMode":{"drawMode":0,"name":"Shaded","section":"Shading Mode"},"sceneLighting":true,"audioPlay":false,"sceneViewState":{"showFog":true,"showMaterialUpdate":false,"showSkybox":true,"showFlares":true,"showImageEffects":true,"showParticleSystems":true},"in2DMode":false,"pivot":{"x":5.038175582885742,"y":4.516420364379883,"z":-5.949118137359619},"rotation":{"x":0.15915118157863618,"y":0.6655654311180115,"z":-0.14834323525428773,"w":0.7139905691146851},"size":36.062416076660159,"orthographic":false}