{"cameraMode":{"drawMode":1,"name":"Wireframe","section":"Shading Mode"},"sceneLighting":false,"audioPlay":false,"sceneViewState":{"showFog":true,"showMaterialUpdate":false,"showSkybox":false,"showFlares":true,"showImageEffects":true,"showParticleSystems":true},"in2DMode":false,"pivot":{"x":-3.911945343017578,"y":10.32609748840332,"z":2.7467708587646486},"rotation":{"x":0.045166872441768649,"y":0.07484949380159378,"z":-0.003393042366951704,"w":0.9961859583854675},"size":22.0,"orthographic":false}