{"cameraMode":{"drawMode":0,"name":"Shaded","section":"Shading Mode"},"sceneLighting":false,"audioPlay":false,"sceneViewState":{"showFog":true,"showMaterialUpdate":false,"showSkybox":false,"showFlares":true,"showImageEffects":true,"showParticleSystems":true},"in2DMode":false,"pivot":{"x":-3.3721017837524416,"y":0.131708562374115,"z":2.495220899581909},"rotation":{"x":0.06784567981958389,"y":-0.726869523525238,"z":0.07230653613805771,"w":0.6796587705612183},"size":0.10301566123962403,"orthographic":false}