{"cameraMode":{"drawMode":0,"name":"Shaded","section":"Shading Mode"},"sceneLighting":true,"audioPlay":false,"sceneViewState":{"showFog":true,"showMaterialUpdate":false,"showSkybox":true,"showFlares":true,"showImageEffects":true,"showParticleSystems":true},"in2DMode":false,"pivot":{"x":-7.545680999755859,"y":-7.283525466918945,"z":2.3712172508239748},"rotation":{"x":-0.1914207488298416,"y":0.6580331325531006,"z":-0.1778152883052826,"w":-0.7063242793083191},"size":53.00388717651367,"orthographic":false}