{"cameraMode":{"drawMode":0,"name":"Shaded","section":"Shading Mode"},"sceneLighting":true,"audioPlay":false,"sceneViewState":{"showFog":true,"showMaterialUpdate":false,"showSkybox":true,"showFlares":true,"showImageEffects":true,"showParticleSystems":true},"in2DMode":false,"pivot":{"x":-85.45496368408203,"y":12.488582611083985,"z":156.94235229492188},"rotation":{"x":0.002463708398863673,"y":0.2839818596839905,"z":0.001147964969277382,"w":-0.9589101076126099},"size":88.68306732177735,"orthographic":false}