{"cameraMode":{"drawMode":0,"name":"Shaded","section":"Shading Mode"},"sceneLighting":true,"audioPlay":false,"sceneViewState":{"showFog":true,"showMaterialUpdate":false,"showSkybox":true,"showFlares":true,"showImageEffects":true,"showParticleSystems":true},"in2DMode":false,"pivot":{"x":0.3849642276763916,"y":2.523918390274048,"z":-0.9779065847396851},"rotation":{"x":0.10861270129680634,"y":0.6396591663360596,"z":-0.09198067337274552,"w":0.7553959488868713},"size":23.25918960571289,"orthographic":false}